Age,BusinessTravel,DailyRate,Department,DistanceFromHome,Education,EducationField,Gender,HourlyRate,JobInvolvement,JobLevel,JobRole,JobSatisfaction,MaritalStatus,MonthlyIncome,MonthlyRate,NumCompaniesWorked,OverTime,PercentSalaryHike,PerformanceRating,RelationshipSatisfaction,StockOptionLevel,TotalWorkingYears,TrainingTimesLastYear,WorkLifeBalance,YearsAtCompany,YearsInCurrentRole,YearsSinceLastPromotion,YearsWithCurrManager,Attrition_Actual,Attrition_Predicted,Attrition_Probability
38,Travel_Rarely,130,Sales,2,2,Marketing,Male,32,3,3,Sales Executive,2,Single,7351,20619,7,No,16,3,3,0,10,2,3,1,0,0,0,0,0,0.017704967459069854
43,Travel_Rarely,531,Sales,4,4,Marketing,Female,56,2,3,Sales Executive,4,Single,10231,20364,3,No,14,3,4,0,23,3,4,21,7,15,17,0,0,0.0018091996082534054
40,Non-Travel,1479,Sales,24,3,Life Sciences,Female,100,4,4,Sales Executive,2,Single,13194,17071,4,Yes,16,3,4,0,22,2,2,1,0,0,0,1,0,0.0015812522966698055
36,Travel_Frequently,541,Sales,3,4,Medical,Male,48,2,3,Sales Executive,4,Married,9699,7246,4,No,11,3,1,1,16,2,3,13,9,1,12,0,0,0.00041417825275230787
38,Travel_Rarely,330,Research & Development,17,1,Life Sciences,Female,65,2,3,Healthcare Representative,3,Married,8823,24608,0,No,18,3,1,1,20,4,2,19,9,1,9,0,0,0.006224619550668035
51,Travel_Rarely,313,Research & Development,3,3,Medical,Female,98,3,4,Healthcare Representative,2,Single,13734,7192,3,No,18,3,3,0,21,6,3,7,7,1,0,0,0,0.0006192611045634864
26,Travel_Frequently,426,Human Resources,17,4,Life Sciences,Female,58,3,1,Human Resources,3,Divorced,2741,22808,0,Yes,11,3,2,1,8,2,2,7,7,1,0,1,0,0.017775157896592775
33,Non-Travel,750,Sales,22,2,Marketing,Male,95,3,2,Sales Executive,2,Married,6146,15480,0,No,13,3,1,1,8,2,4,7,7,0,7,0,0,0.003999507090045807
47,Travel_Frequently,1309,Sales,4,1,Medical,Male,99,3,2,Sales Representative,3,Single,2976,25751,3,No,19,3,1,0,5,3,3,0,0,0,0,0,0,0.04185003822294089
29,Non-Travel,1496,Research & Development,1,1,Technical Degree,Male,41,3,2,Manufacturing Director,3,Married,4319,26283,1,No,13,3,1,1,10,1,3,10,7,0,9,0,0,0.0017064380424556228
47,Travel_Frequently,217,Sales,3,3,Medical,Female,49,3,4,Sales Executive,3,Divorced,13770,10225,9,Yes,12,3,4,2,28,2,2,22,2,11,13,0,0,0.014188802249793119
38,Travel_Rarely,268,Research & Development,2,5,Medical,Male,92,3,1,Research Scientist,3,Married,3057,20471,6,Yes,13,3,2,1,6,0,1,1,0,0,1,0,0,0.13638766212807746
30,Travel_Rarely,1358,Sales,16,1,Life Sciences,Male,96,3,2,Sales Executive,3,Married,5301,2939,8,No,15,3,3,2,4,2,2,2,1,2,2,0,0,0.0022322777293438093
21,Travel_Frequently,251,Research & Development,10,2,Life Sciences,Female,45,2,1,Laboratory Technician,3,Single,2625,25308,1,No,20,4,3,0,2,2,1,2,2,2,2,1,0,0.1443602289297127
52,Travel_Rarely,621,Sales,3,4,Marketing,Male,31,2,4,Manager,1,Married,16856,10084,1,No,11,3,1,0,34,3,4,34,6,1,16,0,0,0.0023556656082049992
37,Non-Travel,142,Sales,9,4,Medical,Male,69,3,3,Sales Executive,2,Divorced,8834,24666,1,No,13,3,4,1,9,6,3,9,5,7,7,0,0,0.0029591788329637126
42,Travel_Rarely,603,Research & Development,7,4,Medical,Female,78,4,2,Research Scientist,2,Married,2372,5628,6,Yes,16,3,4,0,18,2,3,1,0,0,0,0,0,0.0014296392766577275
37,Travel_Frequently,1231,Sales,21,2,Medical,Female,54,3,1,Sales Representative,4,Married,2973,21222,5,No,15,3,2,1,10,3,3,5,4,0,0,0,0,0.004138965944473591
39,Travel_Rarely,117,Research & Development,10,1,Medical,Male,99,3,4,Manager,1,Married,17068,5355,1,Yes,14,3,4,0,21,3,3,21,9,11,10,0,0,0.0031540244393219916
39,Travel_Frequently,443,Research & Development,8,1,Life Sciences,Female,48,3,1,Laboratory Technician,3,Married,3755,17872,1,No,11,3,1,1,8,3,3,8,3,0,7,0,0,0.027352887236005444
33,Travel_Frequently,1392,Research & Development,3,4,Life Sciences,Female,56,3,1,Research Scientist,3,Married,2909,23159,1,Yes,11,3,3,0,8,3,3,8,7,3,0,0,0,0.040418283954441976
26,Travel_Frequently,496,Research & Development,11,2,Medical,Male,60,3,2,Healthcare Representative,1,Married,4741,22722,1,Yes,13,3,3,1,5,3,3,5,3,3,3,0,0,0.254463008056468
40,Travel_Rarely,896,Research & Development,2,3,Medical,Male,68,3,1,Research Scientist,3,Divorced,2345,8045,2,No,14,3,3,1,8,3,4,3,1,1,2,0,0,0.00010189790871325573
34,Travel_Rarely,665,Research & Development,6,4,Other,Female,41,3,2,Research Scientist,3,Single,4809,12482,1,No,14,3,3,0,16,3,3,16,13,2,10,0,0,0.0005536633691280552
26,Travel_Rarely,192,Research & Development,1,2,Medical,Male,59,2,1,Laboratory Technician,1,Married,3955,11141,1,No,16,3,1,2,6,2,3,5,3,1,3,0,0,0.009190727034987318
35,Travel_Rarely,528,Human Resources,8,4,Technical Degree,Male,100,3,1,Human Resources,3,Single,4323,7108,1,No,17,3,2,0,6,2,1,5,4,1,4,0,0,0.06782079134761197
53,Travel_Rarely,238,Sales,1,1,Medical,Female,34,3,2,Sales Executive,1,Single,8381,7507,7,No,20,4,4,0,18,2,4,14,7,8,10,0,0,0.0022531671387793517
30,Travel_Rarely,413,Sales,7,1,Marketing,Male,57,3,1,Sales Representative,2,Single,2983,18398,0,No,14,3,1,0,4,3,3,3,2,1,2,0,1,0.9923341381229346
59,Travel_Rarely,1089,Sales,1,2,Technical Degree,Male,66,3,3,Manager,4,Married,11904,11038,3,Yes,14,3,3,1,14,1,1,6,4,0,4,0,0,0.004248747262657044
40,Travel_Frequently,720,Research & Development,16,4,Medical,Male,51,2,2,Laboratory Technician,3,Single,5094,11983,6,No,14,3,4,0,10,6,3,1,0,0,0,0,0,0.017389987423668284
42,Travel_Frequently,458,Research & Development,26,5,Medical,Female,60,3,3,Research Director,1,Married,13191,23281,3,Yes,17,3,3,0,20,6,3,1,0,0,0,0,0,0.0030570905323197817
34,Travel_Frequently,648,Human Resources,11,3,Life Sciences,Male,56,2,2,Human Resources,2,Married,4490,21833,4,No,11,3,4,2,14,5,4,10,9,1,8,0,0,0.0007340187836074388
31,Travel_Rarely,192,Research & Development,2,4,Life Sciences,Male,32,3,1,Research Scientist,4,Divorced,2695,7747,0,Yes,18,3,2,1,3,2,1,2,2,2,2,0,0,0.01129838705685793
37,Travel_Rarely,807,Human Resources,6,4,Human Resources,Male,63,3,1,Human Resources,1,Divorced,2073,23648,4,Yes,22,4,4,0,7,3,3,3,2,0,2,1,0,0.012430201542658822
37,Non-Travel,1252,Sales,19,2,Medical,Male,32,3,3,Sales Executive,2,Single,7642,4814,1,Yes,13,3,4,0,10,2,3,10,0,0,9,0,0,0.005944806752905108
42,Travel_Frequently,748,Research & Development,9,2,Medical,Female,74,3,1,Laboratory Technician,4,Single,3673,16458,1,No,13,3,3,0,12,3,3,12,9,5,8,0,0,0.0074299820494930805
31,Travel_Rarely,1082,Research & Development,1,4,Medical,Male,87,3,1,Research Scientist,2,Single,2501,18775,1,No,17,3,2,0,1,4,3,1,1,1,0,0,0,0.14994735041056986
26,Travel_Rarely,1349,Research & Development,23,3,Life Sciences,Female,90,3,1,Research Scientist,4,Divorced,2886,3032,1,No,22,4,2,2,3,3,1,3,2,0,2,0,0,0.003344195099575397
25,Travel_Rarely,867,Sales,19,2,Marketing,Male,36,2,1,Sales Representative,2,Married,2413,18798,1,Yes,18,3,3,3,1,2,3,1,0,0,0,1,0,0.01387967148618837
51,Travel_Rarely,833,Research & Development,1,3,Life Sciences,Male,96,3,1,Research Scientist,4,Married,2723,23231,1,No,11,3,2,0,1,0,2,1,0,0,0,0,0,0.007468002235493739
44,Travel_Rarely,1467,Research & Development,20,3,Life Sciences,Male,49,3,1,Research Scientist,2,Single,3420,21158,1,No,13,3,3,0,6,3,2,5,2,1,3,0,0,0.0025757662166529323
40,Travel_Rarely,1124,Sales,1,2,Medical,Male,57,1,2,Sales Executive,4,Married,7457,13273,2,Yes,22,4,3,3,6,2,2,4,3,0,2,0,0,0.0012242140999984788
37,Non-Travel,1413,Research & Development,5,2,Technical Degree,Male,84,4,1,Laboratory Technician,3,Single,3500,25470,0,No,14,3,1,0,7,2,1,6,5,1,3,0,0,0.005124107155687941
25,Travel_Rarely,949,Research & Development,1,3,Technical Degree,Male,81,3,1,Laboratory Technician,4,Married,3229,4910,4,No,11,3,2,1,7,2,2,3,2,0,2,0,0,0.0041424368915656895
51,Travel_Rarely,1169,Research & Development,7,4,Medical,Male,34,2,2,Manufacturing Director,3,Married,6132,13983,2,No,17,3,3,0,10,2,3,1,0,0,0,0,0,0.0009609075883606715
34,Travel_Rarely,216,Sales,1,4,Marketing,Male,75,4,2,Sales Executive,4,Divorced,9725,12278,0,No,11,3,4,1,16,2,2,15,1,0,9,0,0,0.000861822559790951
29,Travel_Rarely,665,Research & Development,15,3,Life Sciences,Male,60,3,1,Research Scientist,4,Single,2340,22673,1,No,19,3,1,0,6,1,3,6,5,1,5,0,0,0.002334316439001856
52,Travel_Rarely,1053,Research & Development,1,2,Life Sciences,Male,70,3,4,Manager,4,Married,17099,13829,2,No,15,3,2,1,26,2,2,9,8,7,8,0,0,0.0006192335603886435
25,Travel_Rarely,583,Sales,4,1,Marketing,Male,87,2,2,Sales Executive,1,Married,4256,18154,1,No,12,3,1,0,5,1,4,5,2,0,3,0,0,0.2504014333042431
45,Travel_Rarely,1457,Research & Development,7,3,Medical,Female,83,3,1,Research Scientist,3,Married,4477,20100,4,Yes,19,3,3,1,7,2,2,3,2,0,2,0,0,0.0005935835686976461
26,Travel_Frequently,921,Research & Development,1,1,Medical,Female,66,2,1,Research Scientist,3,Divorced,2007,25265,1,No,13,3,3,2,5,5,3,5,3,1,3,0,0,0.0014153163713750163
45,Travel_Rarely,1316,Research & Development,29,3,Medical,Male,83,3,1,Research Scientist,4,Single,3452,9752,5,No,13,3,2,0,9,2,2,6,5,0,3,0,0,0.012236148431516571
41,Non-Travel,267,Sales,10,2,Life Sciences,Male,56,3,2,Sales Executive,4,Single,6230,13430,7,No,14,3,4,0,16,3,3,14,3,1,10,0,0,0.0011978742627871768
58,Non-Travel,390,Research & Development,1,4,Life Sciences,Male,32,1,2,Healthcare Representative,3,Divorced,5660,17056,2,Yes,13,3,4,1,12,2,3,5,3,1,2,0,0,0.008724979763295755
39,Travel_Frequently,505,Research & Development,2,4,Technical Degree,Female,64,3,3,Healthcare Representative,3,Single,10938,6420,0,No,25,4,4,0,20,1,3,19,6,11,8,0,0,0.0015743434058959817
29,Travel_Frequently,806,Research & Development,1,4,Life Sciences,Male,76,1,1,Research Scientist,4,Divorced,2720,18959,1,No,18,3,4,1,10,5,3,10,7,2,8,0,0,0.0022327316303279755
37,Travel_Rarely,1107,Research & Development,14,3,Life Sciences,Female,95,3,1,Laboratory Technician,1,Divorced,3034,26914,1,No,12,3,3,1,18,2,2,18,7,12,17,0,0,0.002152624674499697
29,Travel_Rarely,1176,Sales,3,2,Medical,Female,62,3,2,Sales Executive,3,Married,5561,3487,1,No,14,3,1,1,6,5,2,6,0,1,2,0,0,0.00786410509859915
21,Travel_Frequently,756,Sales,1,1,Technical Degree,Female,99,2,1,Sales Representative,2,Single,2174,9150,1,Yes,11,3,3,0,3,3,3,3,2,1,2,1,1,0.7142666000854901
38,Travel_Rarely,702,Sales,1,4,Life Sciences,Female,59,2,2,Sales Executive,4,Single,8686,12930,4,No,22,4,3,0,12,2,4,8,3,0,7,0,0,0.000550916487365729
46,Travel_Rarely,1009,Research & Development,2,3,Life Sciences,Male,51,3,4,Research Director,3,Married,17861,2288,6,No,13,3,3,0,26,2,1,3,2,0,1,0,0,0.00034187822081519783
31,Travel_Rarely,691,Research & Development,5,4,Technical Degree,Male,86,3,1,Research Scientist,4,Married,4821,10077,0,Yes,12,3,3,1,6,4,3,5,2,0,3,0,0,0.04084145880617547
44,Travel_Rarely,1099,Sales,5,3,Marketing,Male,88,3,5,Manager,2,Married,18213,8751,7,No,11,3,3,1,26,5,3,22,9,3,10,0,0,0.00275555109076654
33,Non-Travel,722,Sales,17,3,Life Sciences,Male,38,3,4,Manager,3,Single,17444,20489,1,No,11,3,4,0,10,2,3,10,8,6,0,0,0,0.002993100900912176
47,Travel_Frequently,1379,Research & Development,16,4,Medical,Male,64,4,2,Manufacturing Director,3,Divorced,5067,6759,1,Yes,19,3,3,0,20,3,4,19,10,2,7,0,0,0.000875667671804507
59,Travel_Rarely,1429,Research & Development,18,4,Medical,Male,67,3,3,Manufacturing Director,4,Single,10512,20002,6,No,12,3,4,0,25,6,2,9,7,5,4,0,0,0.0010403878948345565
38,Non-Travel,1327,Sales,2,2,Life Sciences,Male,39,2,2,Sales Executive,4,Married,5249,19682,3,No,18,3,4,1,13,0,3,8,7,7,5,0,0,0.0014055830992890854
28,Travel_Rarely,1451,Research & Development,2,1,Life Sciences,Male,67,2,1,Research Scientist,2,Married,3201,19911,0,No,17,3,1,0,6,2,1,5,3,0,4,0,0,0.02264211424040399
31,Travel_Rarely,688,Sales,7,3,Life Sciences,Male,44,2,3,Manager,4,Divorced,11557,25291,9,No,21,4,3,1,10,3,2,5,4,0,1,0,0,0.0024805669902077457
27,Travel_Rarely,1103,Research & Development,14,3,Life Sciences,Male,42,3,1,Research Scientist,1,Married,2235,14377,1,Yes,14,3,4,2,9,3,2,9,7,6,8,0,0,0.0004249060869616663
31,Travel_Rarely,408,Research & Development,9,4,Life Sciences,Male,42,2,1,Research Scientist,2,Single,2657,7551,0,Yes,16,3,4,0,3,5,3,2,2,2,2,0,1,0.3482287465025197
29,Travel_Rarely,1107,Research & Development,28,4,Life Sciences,Female,93,3,1,Research Scientist,4,Divorced,2514,26968,4,No,22,4,1,1,11,1,3,7,5,1,7,0,0,0.001047143613085986
31,Travel_Rarely,1332,Research & Development,11,2,Medical,Male,80,3,2,Healthcare Representative,1,Married,6833,17089,1,Yes,12,3,4,0,6,2,2,6,5,0,1,0,0,0.006999051269788085
36,Travel_Rarely,216,Research & Development,6,2,Medical,Male,84,3,2,Manufacturing Director,2,Divorced,4941,2819,6,No,20,4,4,2,7,0,3,3,2,0,1,0,0,0.00047495421267808714
37,Travel_Rarely,367,Research & Development,25,2,Medical,Female,52,2,2,Healthcare Representative,4,Divorced,5731,17171,7,No,13,3,3,2,9,2,3,6,2,1,3,0,0,0.10618081773280982
45,Travel_Frequently,306,Sales,26,4,Life Sciences,Female,100,3,2,Sales Executive,1,Married,4286,5630,2,No,14,3,4,2,5,4,3,1,1,0,0,1,0,0.0023212384792676024
54,Travel_Rarely,397,Human Resources,19,4,Medical,Male,88,3,3,Human Resources,2,Married,10725,6729,2,No,15,3,3,1,16,1,4,9,7,7,1,0,0,0.003752598516210049
42,Travel_Rarely,1332,Research & Development,2,4,Other,Male,98,2,2,Healthcare Representative,4,Single,6781,17078,3,No,23,4,2,0,14,6,3,1,0,0,0,0,0,0.0010588302949228643
35,Travel_Rarely,1232,Sales,16,3,Marketing,Male,96,3,3,Sales Executive,2,Married,8020,5100,0,No,15,3,3,2,12,3,2,11,9,6,9,0,0,0.0005782103559643225
28,Travel_Rarely,1157,Research & Development,2,4,Medical,Male,84,1,1,Research Scientist,4,Married,3464,24737,5,Yes,13,3,4,0,5,4,2,3,2,2,2,1,1,0.4390415400010107
19,Travel_Rarely,419,Sales,21,3,Other,Male,37,2,1,Sales Representative,2,Single,2121,9947,1,Yes,13,3,2,0,1,3,4,1,0,0,0,1,1,0.9510843589773439
50,Travel_Frequently,959,Sales,1,4,Other,Male,81,3,2,Sales Executive,3,Single,4728,17251,3,Yes,14,3,4,0,5,4,3,0,0,0,0,1,0,0.04484997039609733
21,Travel_Rarely,1334,Research & Development,10,3,Life Sciences,Female,36,2,1,Laboratory Technician,1,Single,1416,17258,1,No,13,3,1,0,1,6,2,1,0,1,0,1,0,0.09653452860607702
46,Travel_Rarely,644,Research & Development,1,4,Medical,Male,97,3,3,Healthcare Representative,1,Divorced,9396,12368,7,No,16,3,3,1,17,3,3,4,2,0,3,0,0,0.0007325192516741223
42,Travel_Rarely,635,Sales,1,1,Life Sciences,Male,99,3,2,Sales Executive,3,Married,4907,24532,1,No,25,4,3,0,20,3,3,20,16,11,6,0,0,0.0012687204914788876
26,Travel_Rarely,1384,Research & Development,3,4,Medical,Male,82,4,1,Laboratory Technician,4,Married,4420,13421,1,No,22,4,2,1,8,2,3,8,7,0,7,0,0,0.00018206871405882275
55,Travel_Rarely,436,Sales,2,1,Medical,Male,37,3,2,Sales Executive,4,Single,5160,21519,4,No,16,3,3,0,12,3,2,9,7,7,3,1,0,0.013278814470153956
26,Travel_Rarely,841,Research & Development,6,3,Other,Female,46,2,1,Research Scientist,2,Married,2368,23300,1,No,19,3,3,0,5,3,2,5,4,4,3,0,0,0.017661092668813258
25,Travel_Rarely,688,Research & Development,3,3,Medical,Male,91,3,1,Laboratory Technician,1,Married,4031,9396,5,No,13,3,3,1,6,5,3,2,2,0,2,1,0,0.029730683158482988
41,Travel_Rarely,334,Sales,2,4,Life Sciences,Male,88,3,4,Manager,2,Single,16015,15896,1,No,19,3,2,0,22,2,3,22,10,0,4,0,0,0.0033758546738072827
26,Travel_Frequently,342,Research & Development,2,3,Life Sciences,Male,57,3,1,Research Scientist,1,Married,2042,15346,6,Yes,14,3,2,1,6,2,3,3,2,1,2,1,1,0.34356769773933965
53,Travel_Rarely,661,Sales,7,2,Marketing,Female,78,2,3,Sales Executive,4,Married,10934,20715,7,Yes,18,3,4,1,35,3,3,5,2,0,4,0,0,0.0037015171661939116
32,Travel_Rarely,588,Sales,8,2,Technical Degree,Female,65,2,2,Sales Executive,2,Married,5228,24624,1,Yes,11,3,4,0,13,2,3,13,12,11,9,0,0,0.01679107737634128
26,Travel_Frequently,1479,Research & Development,1,3,Life Sciences,Female,84,3,2,Manufacturing Director,2,Divorced,6397,26767,1,No,20,4,1,1,6,6,1,6,5,1,4,0,0,0.001591023805951365
35,Travel_Rarely,622,Research & Development,14,4,Other,Male,39,2,1,Laboratory Technician,2,Divorced,3743,10074,1,Yes,24,4,4,1,5,2,1,4,2,0,2,1,0,0.2619199770951353
31,Travel_Rarely,1232,Research & Development,7,4,Medical,Female,39,3,3,Manufacturing Director,4,Single,7143,25713,1,Yes,14,3,3,0,11,2,2,11,9,4,10,0,0,0.00186095489632427
33,Travel_Rarely,461,Research & Development,13,1,Life Sciences,Female,53,3,1,Research Scientist,4,Single,3452,17241,3,No,18,3,1,0,5,4,3,3,2,0,2,0,0,0.03554314051634688
33,Travel_Rarely,117,Research & Development,9,3,Medical,Male,60,3,1,Research Scientist,4,Married,2781,6311,0,No,13,3,2,1,15,5,3,14,10,4,10,0,0,0.00169112218238941
33,Travel_Rarely,922,Research & Development,1,5,Medical,Female,95,4,4,Research Director,3,Divorced,16184,22578,4,No,19,3,3,1,10,2,3,6,1,0,5,0,0,0.0005418589464586319
26,Travel_Rarely,1330,Research & Development,21,3,Medical,Male,37,3,1,Laboratory Technician,3,Divorced,2377,19373,1,No,20,4,3,1,1,0,2,1,1,0,0,1,0,0.035677670137616455
41,Travel_Rarely,314,Human Resources,1,3,Human Resources,Male,59,2,5,Manager,3,Married,19189,19562,1,No,12,3,2,1,22,3,3,22,7,2,10,0,0,0.0025245518732497944
41,Travel_Frequently,1200,Research & Development,22,3,Life Sciences,Female,75,3,2,Research Scientist,4,Divorced,5467,13953,3,Yes,14,3,1,2,12,4,2,6,2,3,3,0,0,0.09949626272682666
40,Travel_Rarely,107,Sales,10,3,Technical Degree,Female,84,2,2,Sales Executive,2,Divorced,6852,11591,7,No,12,3,2,1,7,2,4,5,1,1,3,0,0,0.006303531604210954
41,Travel_Frequently,857,Research & Development,10,3,Life Sciences,Male,91,2,4,Manager,1,Divorced,17181,12888,4,No,13,3,2,1,21,2,2,7,6,7,7,0,0,0.003080910344560692
46,Travel_Rarely,566,Research & Development,7,2,Medical,Male,75,3,3,Manufacturing Director,3,Divorced,10845,24208,6,No,13,3,2,1,13,3,3,8,7,0,7,0,0,0.003805766842536595
32,Non-Travel,976,Sales,26,4,Marketing,Male,100,3,2,Sales Executive,4,Married,4465,12069,0,No,18,3,1,0,4,2,3,3,2,2,2,0,0,0.0032793827757413587
50,Travel_Rarely,989,Research & Development,7,2,Medical,Female,43,2,5,Research Director,3,Divorced,18740,16701,5,Yes,12,3,4,1,29,2,2,27,3,13,8,0,0,0.004019294766354748
22,Travel_Rarely,217,Research & Development,8,1,Life Sciences,Male,94,1,1,Laboratory Technician,1,Married,2451,6881,1,No,15,3,1,1,4,3,2,4,3,1,1,0,0,0.018648198620372963
51,Travel_Rarely,1469,Research & Development,8,4,Life Sciences,Male,81,2,3,Research Director,2,Married,12490,15736,5,No,16,3,4,2,16,5,1,10,9,4,7,0,0,0.0010109817286048678
35,Travel_Rarely,776,Sales,1,4,Marketing,Male,32,2,2,Sales Executive,1,Single,4312,23016,0,No,14,3,2,0,16,2,3,15,13,2,8,0,0,0.0006253370952204484
36,Travel_Rarely,1218,Sales,9,4,Life Sciences,Male,82,2,1,Sales Representative,1,Single,3407,6986,7,No,23,4,2,0,10,4,3,5,3,0,3,1,0,0.0364900713984051
30,Travel_Rarely,1427,Research & Development,2,1,Medical,Male,35,2,1,Laboratory Technician,4,Single,2720,11162,0,No,13,3,4,0,6,3,3,5,3,1,2,0,0,0.005014455731237508
42,Non-Travel,495,Research & Development,2,1,Life Sciences,Male,37,3,4,Manager,3,Married,17861,26582,0,Yes,13,3,4,0,21,3,2,20,8,2,10,0,0,0.0014404075234245777
38,Travel_Rarely,1180,Research & Development,29,1,Medical,Male,70,3,2,Healthcare Representative,1,Married,6673,11354,7,Yes,19,3,2,0,17,2,3,1,0,0,0,1,0,0.005394860922571493
57,Travel_Rarely,210,Sales,29,3,Marketing,Male,56,2,4,Manager,4,Divorced,14118,22102,3,No,12,3,3,1,32,3,2,1,0,0,0,0,0,0.0016598248655697468
41,Travel_Rarely,483,Research & Development,6,3,Medical,Male,95,2,2,Manufacturing Director,2,Single,6032,10110,6,Yes,15,3,4,0,8,3,3,5,4,1,2,0,1,0.3656124805041676
30,Travel_Rarely,852,Sales,10,3,Marketing,Male,72,2,2,Sales Executive,3,Married,6578,2706,1,No,18,3,1,1,10,3,3,10,3,1,4,0,0,0.007524721607420446
38,Non-Travel,152,Sales,10,3,Technical Degree,Female,85,3,2,Sales Executive,4,Single,5666,19899,1,Yes,13,3,2,0,6,1,3,5,3,1,3,0,1,0.626958522800789
36,Non-Travel,845,Sales,1,5,Medical,Female,45,3,2,Sales Executive,4,Single,6653,15276,4,No,15,3,2,0,7,6,3,1,0,0,0,0,0,0.00038908591739334245
30,Non-Travel,111,Research & Development,9,3,Medical,Male,66,3,2,Laboratory Technician,1,Divorced,3072,11012,1,No,11,3,3,2,12,4,3,12,9,6,10,0,0,0.0002525367334727145
46,Travel_Rarely,377,Sales,9,3,Marketing,Male,52,3,3,Sales Executive,4,Divorced,10096,15986,4,No,11,3,1,1,28,1,4,7,7,4,3,1,0,0.0006977381984692957
31,Travel_Rarely,140,Research & Development,12,1,Medical,Female,95,3,1,Research Scientist,4,Married,3929,6984,8,Yes,23,4,3,1,7,0,3,4,2,0,2,0,0,0.0010923185845308206
37,Travel_Frequently,889,Research & Development,9,3,Medical,Male,53,3,1,Research Scientist,4,Married,2326,11411,1,Yes,12,3,3,3,4,3,2,4,2,1,2,0,0,0.007635888298107255
45,Non-Travel,1050,Sales,9,4,Life Sciences,Female,65,2,2,Sales Executive,3,Married,5593,17970,1,No,13,3,4,1,15,2,3,15,10,4,12,0,0,0.0005990770053762587
35,Travel_Frequently,636,Research & Development,4,4,Other,Male,47,2,1,Laboratory Technician,4,Married,2376,26537,1,No,13,3,2,1,2,2,4,2,2,2,2,0,0,0.0007487688004267
28,Travel_Rarely,895,Research & Development,15,2,Life Sciences,Male,50,3,1,Laboratory Technician,3,Divorced,2207,22482,1,No,16,3,4,1,4,5,2,4,2,2,2,0,0,0.009322894448920512
33,Travel_Frequently,1146,Sales,25,3,Medical,Female,82,3,2,Sales Executive,3,Married,4539,4905,1,No,12,3,1,1,10,3,2,10,7,0,1,0,0,0.008933827395028347
47,Non-Travel,666,Research & Development,29,4,Life Sciences,Male,88,3,3,Manager,2,Married,11849,10268,1,Yes,12,3,4,1,10,2,2,10,7,9,9,1,0,0.005561242165910818
30,Travel_Frequently,1012,Research & Development,5,4,Life Sciences,Male,75,2,1,Research Scientist,4,Divorced,3761,2373,9,No,12,3,2,1,10,3,2,5,4,0,3,0,0,0.010079930055028583
45,Non-Travel,248,Research & Development,23,2,Life Sciences,Male,42,3,2,Laboratory Technician,1,Married,3633,14039,1,Yes,15,3,3,1,9,2,3,9,8,0,8,0,0,0.0007740387405285524
18,Travel_Rarely,230,Research & Development,3,3,Life Sciences,Male,54,3,1,Laboratory Technician,3,Single,1420,25233,1,No,13,3,3,0,0,2,3,0,0,0,0,1,1,0.44830151967401616
36,Travel_Rarely,329,Sales,16,4,Marketing,Female,98,2,2,Sales Executive,1,Married,5647,13494,4,No,13,3,1,2,11,3,2,3,2,0,2,0,0,0.010748588039346417
42,Travel_Rarely,269,Research & Development,2,3,Medical,Female,56,2,1,Laboratory Technician,1,Divorced,2593,8007,0,Yes,11,3,3,1,10,4,3,9,6,7,8,0,0,0.008230675224470511
39,Non-Travel,592,Research & Development,2,3,Life Sciences,Female,54,2,1,Laboratory Technician,1,Single,3646,17181,2,Yes,23,4,2,0,11,2,4,1,0,0,0,1,1,0.5586919322276043
36,Travel_Rarely,429,Research & Development,2,4,Life Sciences,Female,53,3,2,Manufacturing Director,2,Single,5410,2323,9,Yes,11,3,4,0,18,2,3,16,14,5,12,0,0,0.004809922316926854
25,Travel_Rarely,1280,Research & Development,7,1,Medical,Male,64,2,1,Research Scientist,4,Married,2889,26897,1,No,11,3,3,2,2,2,3,2,2,2,1,0,0,0.00024054265528104452
50,Travel_Frequently,1246,Human Resources,3,3,Medical,Male,99,3,5,Manager,2,Married,18200,7999,1,No,11,3,3,1,32,2,3,32,5,10,7,0,0,0.002185413956112929
44,Non-Travel,981,Research & Development,5,3,Life Sciences,Male,90,2,1,Laboratory Technician,3,Single,3162,7973,3,No,14,3,4,0,7,5,3,5,2,0,3,0,0,0.02059580543197167
34,Travel_Rarely,1303,Research & Development,2,4,Life Sciences,Male,62,2,1,Research Scientist,3,Divorced,2768,8416,3,No,12,3,3,1,14,3,3,7,3,5,7,0,0,0.0057139662319450925
37,Travel_Rarely,1373,Research & Development,2,2,Other,Male,92,2,1,Laboratory Technician,3,Single,2090,2396,6,Yes,15,3,2,0,7,3,3,0,0,0,0,1,1,0.3164242130831461
32,Travel_Rarely,604,Sales,8,3,Medical,Male,56,4,2,Sales Executive,4,Married,6209,11693,1,No,15,3,3,2,10,4,4,10,7,0,8,0,0,0.0005284300705788864
35,Travel_Rarely,1361,Sales,17,4,Life Sciences,Male,94,3,2,Sales Executive,1,Married,8966,21026,3,Yes,15,3,4,3,15,2,3,7,7,1,7,0,0,0.00024825106540442613
50,Travel_Rarely,869,Sales,3,2,Marketing,Male,86,2,1,Sales Representative,3,Married,2683,3810,1,Yes,14,3,3,0,3,2,3,3,2,0,2,1,0,0.024358720111480575
25,Travel_Rarely,1219,Research & Development,4,1,Technical Degree,Male,32,3,1,Laboratory Technician,4,Married,3691,4605,1,Yes,15,3,2,1,7,3,4,7,7,5,6,1,0,0.04403696496541732
32,Travel_Rarely,1401,Sales,4,2,Life Sciences,Female,56,3,1,Sales Representative,2,Married,3931,20990,2,No,11,3,1,1,6,5,3,4,3,1,2,0,0,0.12133362344309367
25,Travel_Rarely,622,Sales,13,1,Medical,Male,40,3,1,Sales Representative,3,Married,2096,26376,1,No,11,3,3,0,7,1,3,7,4,0,6,0,0,0.010222743919296428
31,Travel_Frequently,667,Sales,1,4,Life Sciences,Female,50,1,1,Sales Representative,3,Single,1359,16154,1,No,12,3,2,0,1,3,3,1,0,0,0,1,1,0.5265160873318737
33,Travel_Rarely,813,Research & Development,14,3,Medical,Male,58,3,1,Laboratory Technician,4,Married,2436,22149,5,Yes,13,3,3,1,8,2,1,5,4,0,4,1,1,0.4576959831991559
33,Travel_Rarely,118,Sales,16,3,Marketing,Female,69,3,2,Sales Executive,1,Single,5324,26507,5,No,15,3,3,0,6,3,3,3,2,0,2,1,1,0.8669457056031475
39,Travel_Rarely,895,Sales,5,3,Technical Degree,Male,56,3,2,Sales Representative,4,Married,2086,3335,3,No,14,3,3,1,19,6,4,1,0,0,0,1,0,0.0003455274797524156
22,Travel_Rarely,1256,Research & Development,19,1,Medical,Male,80,3,1,Research Scientist,4,Married,2323,11992,1,No,24,4,1,2,2,6,3,2,2,2,2,0,0,0.0008023093864147037
34,Travel_Rarely,254,Research & Development,1,2,Life Sciences,Male,83,2,1,Research Scientist,4,Married,3622,22794,1,Yes,13,3,4,1,6,3,3,6,5,1,3,0,0,0.0009752900173703232
50,Travel_Frequently,809,Sales,12,3,Marketing,Female,77,3,3,Sales Executive,4,Single,9208,6645,4,No,11,3,4,0,16,3,3,2,2,2,1,0,0,0.006157353661581366
40,Travel_Rarely,1171,Research & Development,10,4,Life Sciences,Female,46,4,1,Laboratory Technician,3,Married,2213,22495,3,Yes,13,3,3,1,10,3,3,7,7,1,7,0,0,0.006243049300784208
28,Travel_Frequently,1009,Research & Development,1,3,Medical,Male,45,2,1,Laboratory Technician,2,Divorced,2596,7160,1,No,15,3,1,2,1,2,3,1,0,0,0,1,0,0.009668446308818586
28,Travel_Rarely,760,Sales,2,4,Marketing,Female,81,3,2,Sales Executive,2,Married,4779,3698,1,Yes,20,4,1,0,8,2,3,8,7,7,5,0,0,0.04830479645823388
44,Travel_Rarely,1315,Research & Development,3,4,Other,Male,35,3,5,Manager,4,Married,19513,9358,4,Yes,12,3,1,1,26,2,4,2,2,0,1,0,0,0.0006042051552540907
50,Travel_Rarely,804,Research & Development,9,3,Life Sciences,Male,64,3,1,Laboratory Technician,4,Married,2380,20165,4,No,18,3,2,0,8,5,3,1,0,0,0,0,0,0.007542225723192461
32,Travel_Frequently,379,Sales,5,2,Life Sciences,Male,48,3,2,Sales Executive,2,Married,6524,8891,1,No,14,3,4,1,10,3,3,10,8,5,3,0,0,0.00046422438632919005
42,Travel_Rarely,544,Human Resources,2,1,Technical Degree,Male,52,3,1,Human Resources,3,Divorced,2696,24017,0,Yes,11,3,3,1,4,5,3,3,2,1,0,0,0,0.0035932675989789314
37,Travel_Frequently,663,Research & Development,11,3,Other,Male,47,3,3,Research Director,4,Divorced,12185,10056,1,Yes,14,3,3,3,10,1,3,10,8,0,7,0,0,0.002171484072593946
39,Travel_Rarely,1162,Sales,3,2,Medical,Female,41,3,2,Sales Executive,3,Married,5238,17778,4,Yes,18,3,1,0,12,3,2,1,0,0,0,1,0,0.18585753600510826
31,Travel_Rarely,542,Sales,20,3,Life Sciences,Female,71,1,2,Sales Executive,3,Married,4559,24788,3,Yes,11,3,3,1,4,2,3,2,2,2,2,1,1,0.47901968444451765
28,Travel_Rarely,866,Sales,5,3,Medical,Male,84,3,2,Sales Executive,1,Single,8463,23490,0,No,18,3,4,0,6,4,3,5,4,1,3,0,0,0.0081074464604329
32,Travel_Frequently,689,Sales,9,2,Medical,Male,35,1,2,Sales Executive,4,Divorced,4668,22812,0,No,17,3,4,3,9,2,4,8,7,0,7,0,0,0.002323139056099934
42,Travel_Rarely,622,Research & Development,2,4,Life Sciences,Female,81,3,2,Healthcare Representative,4,Married,4089,5718,1,No,13,3,2,2,10,4,3,10,2,2,2,0,0,0.0012535655603536544
29,Travel_Rarely,1252,Research & Development,23,2,Life Sciences,Male,81,4,1,Research Scientist,3,Married,2700,23779,1,No,24,4,3,1,10,3,3,10,7,0,7,0,0,0.0003284001420195099
51,Travel_Rarely,1302,Research & Development,2,3,Medical,Male,84,1,2,Manufacturing Director,2,Divorced,5482,16321,5,No,18,3,4,1,13,3,3,4,1,1,2,0,0,0.005391214933454276
29,Travel_Rarely,1328,Research & Development,2,3,Life Sciences,Male,76,3,1,Research Scientist,2,Married,2703,4956,0,No,23,4,4,1,6,3,3,5,4,0,4,0,0,0.0011466871039615286
38,Travel_Rarely,371,Research & Development,2,3,Life Sciences,Male,45,3,1,Research Scientist,4,Single,3944,4306,5,Yes,11,3,3,0,6,3,3,3,2,1,2,0,0,0.028454809838055362
32,Travel_Rarely,929,Sales,10,3,Marketing,Male,55,3,2,Sales Executive,4,Single,5396,21703,1,No,12,3,4,0,10,2,2,10,7,0,8,0,0,0.015049979583085871
19,Travel_Rarely,1181,Research & Development,3,1,Medical,Female,79,3,1,Laboratory Technician,2,Single,1483,16102,1,No,14,3,4,0,1,3,3,1,0,0,0,0,1,0.3382934573608625
34,Travel_Frequently,1069,Research & Development,2,1,Life Sciences,Male,45,2,2,Manufacturing Director,3,Married,9547,14074,1,No,17,3,3,0,10,2,2,10,9,1,9,0,0,0.00022516856336989325
33,Travel_Rarely,465,Research & Development,2,2,Life Sciences,Female,39,3,1,Laboratory Technician,1,Married,2707,21509,7,No,20,4,1,0,13,3,4,9,7,1,7,1,0,0.032613825121896735
36,Travel_Rarely,913,Research & Development,9,2,Medical,Male,48,2,2,Manufacturing Director,2,Divorced,8847,13934,2,Yes,11,3,3,1,13,2,3,3,2,0,2,0,0,0.037412737182611004
50,Non-Travel,881,Research & Development,2,4,Life Sciences,Male,98,3,4,Manager,1,Divorced,17924,4544,1,No,11,3,4,1,31,3,3,31,6,14,7,0,0,0.002965304199808566
49,Travel_Frequently,1475,Research & Development,28,2,Life Sciences,Male,97,2,2,Laboratory Technician,1,Single,4284,22710,3,No,20,4,1,0,20,2,3,4,3,1,3,1,0,0.006584929177743789
30,Travel_Rarely,1275,Research & Development,28,2,Medical,Female,64,3,2,Research Scientist,4,Married,5775,11934,1,No,13,3,4,2,11,2,3,10,8,1,9,0,0,0.0035147158888007893
30,Travel_Rarely,202,Sales,2,1,Technical Degree,Male,72,3,1,Sales Representative,2,Married,2476,17434,1,No,18,3,1,1,1,3,3,1,0,0,0,0,1,0.31306477925789095
33,Travel_Frequently,1296,Research & Development,6,3,Life Sciences,Male,30,3,2,Healthcare Representative,4,Divorced,7725,5335,3,No,23,4,3,1,15,2,1,13,11,4,7,0,0,0.00039369948399377725
43,Travel_Frequently,313,Research & Development,21,3,Medical,Male,61,3,1,Laboratory Technician,4,Married,2258,15238,7,No,20,4,1,1,8,1,3,3,2,1,2,0,0,0.0044247757327074005
32,Travel_Frequently,967,Sales,8,3,Marketing,Female,43,3,3,Sales Executive,4,Single,8998,15589,1,No,14,3,4,0,9,2,3,9,8,3,7,0,0,0.03731355884678896
46,Travel_Rarely,488,Sales,2,3,Technical Degree,Female,75,1,4,Manager,2,Married,16872,14977,3,Yes,12,3,2,1,28,2,2,7,7,7,7,0,0,0.01944359130665177
54,Travel_Rarely,1147,Sales,3,3,Marketing,Female,52,3,2,Sales Executive,1,Married,5940,17011,2,No,14,3,4,1,16,4,3,6,2,0,5,0,0,5.537596920801173e-05
27,Travel_Rarely,1134,Research & Development,16,4,Technical Degree,Female,37,3,1,Laboratory Technician,2,Married,2811,12086,9,No,14,3,2,1,4,2,3,2,2,2,2,0,0,0.09165501762178418
28,Travel_Frequently,1496,Sales,1,3,Technical Degree,Male,92,3,1,Sales Representative,3,Married,2909,15747,3,No,15,3,4,1,5,3,4,3,2,1,2,1,0,0.01594679718626161
20,Travel_Rarely,654,Sales,21,3,Marketing,Male,43,4,1,Sales Representative,4,Single,2678,5050,1,No,17,3,4,0,2,2,3,2,1,2,2,0,0,0.005647386542942221
37,Travel_Rarely,124,Research & Development,3,3,Other,Female,35,3,2,Healthcare Representative,2,Single,4107,13848,3,No,15,3,1,0,8,3,2,4,3,0,1,0,0,0.014425239982796084
42,Travel_Frequently,1271,Research & Development,2,1,Medical,Male,35,3,1,Research Scientist,4,Single,2515,9068,5,Yes,14,3,4,0,8,2,3,2,1,2,2,0,0,0.01757126809397946
53,Travel_Rarely,868,Sales,8,3,Marketing,Male,73,3,4,Sales Executive,4,Married,11836,22789,5,No,14,3,3,1,28,3,3,2,0,2,2,0,0,0.0027627391987890756
32,Travel_Rarely,827,Research & Development,1,1,Life Sciences,Male,71,3,1,Research Scientist,1,Single,2956,15178,1,No,13,3,4,0,1,2,3,1,0,0,0,0,0,0.25712233612754143
32,Travel_Frequently,430,Research & Development,24,4,Life Sciences,Male,80,3,2,Laboratory Technician,4,Married,5309,21146,1,No,15,3,4,2,10,2,3,10,8,4,7,0,0,0.010888299851902386
34,Travel_Rarely,1153,Research & Development,1,2,Medical,Male,94,3,2,Manufacturing Director,2,Married,4325,17736,1,No,15,3,3,0,5,2,3,5,2,1,3,0,0,0.01128759574919631
33,Travel_Rarely,213,Research & Development,7,3,Medical,Male,49,3,3,Research Director,3,Married,11691,25995,0,No,11,3,4,0,14,3,4,13,9,3,7,0,0,0.002898020273896261
38,Travel_Rarely,1380,Research & Development,9,2,Life Sciences,Female,75,3,1,Laboratory Technician,4,Single,2288,6319,1,No,12,3,3,0,2,3,3,2,2,2,1,0,0,0.001045463855539604
37,Non-Travel,728,Research & Development,1,4,Medical,Female,80,3,3,Research Director,4,Divorced,13603,11677,2,Yes,18,3,1,2,15,2,3,5,2,0,2,0,0,0.0009215540850836581
45,Travel_Rarely,1339,Research & Development,7,3,Life Sciences,Male,59,3,3,Research Scientist,1,Divorced,9724,18787,2,No,17,3,3,1,25,2,3,1,0,0,0,0,0,5.689264697994195e-05
41,Travel_Rarely,1360,Research & Development,12,3,Technical Degree,Female,49,3,5,Research Director,3,Married,19545,16280,1,No,12,3,4,0,23,0,3,22,15,15,8,1,0,0.0022725806677621222
37,Travel_Rarely,558,Sales,2,3,Marketing,Male,75,3,2,Sales Executive,3,Married,9602,3010,4,Yes,11,3,3,1,17,3,2,3,0,1,0,0,0,0.0050107403223098234
27,Travel_Frequently,793,Sales,2,1,Life Sciences,Male,43,1,2,Sales Executive,4,Single,5071,20392,3,No,20,4,2,0,8,3,3,6,2,0,0,0,0,0.01895952913447109
34,Travel_Frequently,702,Research & Development,16,4,Life Sciences,Female,100,2,1,Research Scientist,4,Single,2553,8306,1,No,16,3,3,0,6,3,3,5,2,1,3,0,0,0.007760239367010995
29,Travel_Rarely,144,Sales,10,1,Marketing,Female,39,2,2,Sales Executive,2,Divorced,8268,11866,1,Yes,14,3,1,2,7,2,3,7,7,1,7,0,0,0.11820284001639002
33,Travel_Frequently,827,Research & Development,1,4,Other,Female,84,4,2,Healthcare Representative,2,Married,5488,20161,1,Yes,13,3,1,1,6,2,3,6,5,1,2,0,0,0.04563232200000999
46,Travel_Rarely,1485,Research & Development,18,3,Medical,Female,87,3,2,Manufacturing Director,3,Divorced,4810,26314,2,No,14,3,3,1,19,5,2,10,7,0,8,0,0,8.188426732642284e-05
48,Travel_Rarely,817,Sales,2,1,Marketing,Male,56,4,2,Sales Executive,2,Married,8120,18597,3,No,12,3,4,0,12,3,3,2,2,2,2,0,0,0.0006096818745910527
34,Travel_Rarely,546,Research & Development,10,3,Life Sciences,Male,83,3,1,Laboratory Technician,2,Divorced,2008,6896,1,No,14,3,2,2,1,3,3,1,0,1,0,0,0,0.004791897649015017
42,Travel_Rarely,532,Research & Development,4,2,Technical Degree,Male,58,3,5,Manager,4,Married,19232,4933,1,No,11,3,4,0,22,3,3,22,17,11,15,0,0,0.0014222806404230058
42,Travel_Rarely,201,Research & Development,1,4,Life Sciences,Female,95,3,1,Laboratory Technician,1,Divorced,2576,20490,3,No,16,3,2,1,8,5,3,5,2,1,2,0,0,0.011455907751805158
40,Travel_Rarely,523,Research & Development,2,3,Life Sciences,Male,98,3,2,Research Scientist,4,Single,4661,22455,1,No,13,3,3,0,9,4,3,9,8,8,8,0,0,0.024019163126120985
35,Travel_Rarely,538,Research & Development,25,2,Other,Male,54,2,2,Laboratory Technician,4,Single,3681,14004,4,No,14,3,4,0,9,3,3,3,2,0,2,0,0,0.05858788718788608
39,Non-Travel,1485,Research & Development,25,2,Life Sciences,Male,71,3,3,Healthcare Representative,3,Married,10920,3449,3,No,21,4,2,1,13,2,3,6,4,0,5,0,0,0.0004260392527196502
54,Non-Travel,142,Human Resources,26,3,Human Resources,Female,30,4,4,Manager,4,Single,17328,13871,2,Yes,12,3,3,0,23,3,3,5,3,4,4,0,0,0.002724807740162275
